Pincode,Hub_Name,Hub_lat,Hub_long
784101,BVU_Balipara,26.8270172,92.7646612
784102,BVU_Balipara,26.8270172,92.7646612
784103,BVU_Balipara,26.8270172,92.7646612
784104,BVU_Balipara,26.8270172,92.7646612
784105,BVU_Balipara,26.8270172,92.7646612
784503,BVU_Balipara,26.8270172,92.7646612
784504,BVU_Balipara,26.8270172,92.7646612
784505,BVU_Balipara,26.8270172,92.7646612
781019,GHY_BHETAPARA_E,26.1195217,91.7760071
781028,GHY_BHETAPARA_E,26.1195217,91.7760071
781034,GHY_BHETAPARA_E,26.1195217,91.7760071
781038,GHY_BHETAPARA_E,26.1195217,91.7760071
781040,GHY_BHETAPARA_E,26.1195217,91.7760071
785640,SRTN_Sibasagar_E,26.9756737,94.6304725
785663,SRTN_Sibasagar_E,26.9756737,94.6304725
785665,SRTN_Sibasagar_E,26.9756737,94.6304725
785666,SRTN_Sibasagar_E,26.9756737,94.6304725
785667,SRTN_Sibasagar_E,26.9756737,94.6304725
785697,SRTN_Sibasagar_E,26.9756737,94.6304725
